{
  "mode": "enhanced_v4",
  "top_k": 10,
  "total_questions": 500,
  "overall": {
    "R@5": 99.4,
    "R@10": 99.6,
    "NDCG@5": 0.9411703040550398,
    "NDCG@10": 0.9502338664100455
  },
  "per_category": {
    "knowledge-update": {
      "count": 78,
      "R@5": 100.0,
      "R@10": 100.0,
      "NDCG@5": 0.9871794871794872,
      "NDCG@10": 0.9894517857280005
    },
    "multi-session": {
      "count": 133,
      "R@5": 100.0,
      "R@10": 100.0,
      "NDCG@5": 0.942705149944997,
      "NDCG@10": 0.9564305942794036
    },
    "single-session-assistant": {
      "count": 56,
      "R@5": 100.0,
      "R@10": 100.0,
      "NDCG@5": 0.9910714285714286,
      "NDCG@10": 0.9910714285714286
    },
    "single-session-preference": {
      "count": 30,
      "R@5": 96.66666666666667,
      "R@10": 96.66666666666667,
      "NDCG@5": 0.8630929753571458,
      "NDCG@10": 0.8630929753571458
    },
    "single-session-user": {
      "count": 70,
      "R@5": 100.0,
      "R@10": 100.0,
      "NDCG@5": 0.94951773828122,
      "NDCG@10": 0.94951773828122
    },
    "temporal-reasoning": {
      "count": 133,
      "R@5": 98.49624060150376,
      "R@10": 99.24812030075188,
      "NDCG@5": 0.9048596702589138,
      "NDCG@10": 0.9238751423960769
    }
  },
  "timing": {
    "embed_total_s": 9.7,
    "search_total_s": 4.3,
    "avg_embed_per_q_s": 0.02,
    "avg_search_per_q_ms": 8.5
  },
  "misses_at_5": [
    {
      "question_id": "d6233ab6",
      "question_type": "single-session-preference",
      "question": "I've been feeling nostalgic lately. Do you think it would be a good idea to attend my high school reunion?"
    },
    {
      "question_id": "eac54add",
      "question_type": "temporal-reasoning",
      "question": "What was the significant buisiness milestone I mentioned four weeks ago?"
    },
    {
      "question_id": "gpt4_8279ba03",
      "question_type": "temporal-reasoning",
      "question": "What kitchen appliance did I buy 10 days ago?"
    }
  ],
  "total_time_s": 14.9
}