{
  "mode": "enhanced_v2_boost",
  "top_k": 10,
  "total_questions": 500,
  "overall": {
    "R@5": 99.2,
    "R@10": 99.8,
    "NDCG@5": 0.9290230594278308,
    "NDCG@10": 0.9400020091568614
  },
  "per_category": {
    "knowledge-update": {
      "count": 78,
      "R@5": 100.0,
      "R@10": 100.0,
      "NDCG@5": 0.9801007312088893,
      "NDCG@10": 0.9827210183574596
    },
    "multi-session": {
      "count": 133,
      "R@5": 100.0,
      "R@10": 100.0,
      "NDCG@5": 0.9335019197853063,
      "NDCG@10": 0.9482594829760865
    },
    "single-session-assistant": {
      "count": 56,
      "R@5": 100.0,
      "R@10": 100.0,
      "NDCG@5": 0.9478462298651937,
      "NDCG@10": 0.9478462298651937
    },
    "single-session-preference": {
      "count": 30,
      "R@5": 96.66666666666667,
      "R@10": 100.0,
      "NDCG@5": 0.8195108441976893,
      "NDCG@10": 0.8313844171012901
    },
    "single-session-user": {
      "count": 70,
      "R@5": 100.0,
      "R@10": 100.0,
      "NDCG@5": 0.9522092681122469,
      "NDCG@10": 0.9522092681122469
    },
    "temporal-reasoning": {
      "count": 133,
      "R@5": 97.74436090225564,
      "R@10": 99.24812030075188,
      "NDCG@5": 0.8991620630220867,
      "NDCG@10": 0.9214637876494925
    }
  },
  "timing": {
    "embed_total_s": 10.1,
    "search_total_s": 5.3,
    "avg_embed_per_q_s": 0.02,
    "avg_search_per_q_ms": 10.7
  },
  "misses_at_5": [
    {
      "question_id": "1c0ddc50",
      "question_type": "single-session-preference",
      "question": "Can you suggest some activities I can do during my commute to work?"
    },
    {
      "question_id": "gpt4_4929293b",
      "question_type": "temporal-reasoning",
      "question": "What was the the life event of one of my relatives that I participated in a week ago?"
    },
    {
      "question_id": "gpt4_468eb064",
      "question_type": "temporal-reasoning",
      "question": "Who did I meet with during the lunch last Tuesday?"
    },
    {
      "question_id": "gpt4_8279ba03",
      "question_type": "temporal-reasoning",
      "question": "What kitchen appliance did I buy 10 days ago?"
    }
  ],
  "total_time_s": 16.5
}