{
  "mode": "enhanced_v3",
  "top_k": 10,
  "total_questions": 20,
  "overall": {
    "R@5": 100.0,
    "R@10": 100.0,
    "NDCG@5": 0.9158764682653967,
    "NDCG@10": 0.9158764682653967
  },
  "per_category": {
    "single-session-user": {
      "count": 20,
      "R@5": 100.0,
      "R@10": 100.0,
      "NDCG@5": 0.9158764682653967,
      "NDCG@10": 0.9158764682653967
    }
  },
  "timing": {
    "embed_total_s": 0.4,
    "search_total_s": 0.1,
    "avg_embed_per_q_s": 0.02,
    "avg_search_per_q_ms": 6.1
  },
  "misses_at_5": [],
  "total_time_s": 96.4
}