{
  "mode": "enhanced_v4",
  "top_k": 10,
  "total_questions": 500,
  "overall": {
    "R@5": 99.2,
    "R@10": 99.8,
    "NDCG@5": 0.9353911911416825,
    "NDCG@10": 0.945617562944248
  },
  "per_category": {
    "knowledge-update": {
      "count": 78,
      "R@5": 100.0,
      "R@10": 100.0,
      "NDCG@5": 0.9851210458755946,
      "NDCG@10": 0.9874874009625122
    },
    "multi-session": {
      "count": 133,
      "R@5": 100.0,
      "R@10": 100.0,
      "NDCG@5": 0.9370987773296139,
      "NDCG@10": 0.9523882344845642
    },
    "single-session-assistant": {
      "count": 56,
      "R@5": 98.21428571428571,
      "R@10": 100.0,
      "NDCG@5": 0.9409381440217198,
      "NDCG@10": 0.9465714453928935
    },
    "single-session-preference": {
      "count": 30,
      "R@5": 96.66666666666667,
      "R@10": 100.0,
      "NDCG@5": 0.8636857273840124,
      "NDCG@10": 0.8733212215946087
    },
    "single-session-user": {
      "count": 70,
      "R@5": 100.0,
      "R@10": 100.0,
      "NDCG@5": 0.9619330275159133,
      "NDCG@10": 0.9619330275159133
    },
    "temporal-reasoning": {
      "count": 133,
      "R@5": 98.49624060150376,
      "R@10": 99.24812030075188,
      "NDCG@5": 0.9043879458259821,
      "NDCG@10": 0.9216103721402011
    }
  },
  "timing": {
    "embed_total_s": 10.2,
    "search_total_s": 4.5,
    "avg_embed_per_q_s": 0.02,
    "avg_search_per_q_ms": 9.0
  },
  "misses_at_5": [
    {
      "question_id": "d6233ab6",
      "question_type": "single-session-preference",
      "question": "I've been feeling nostalgic lately. Do you think it would be a good idea to attend my high school reunion?"
    },
    {
      "question_id": "eac54add",
      "question_type": "temporal-reasoning",
      "question": "What was the significant buisiness milestone I mentioned four weeks ago?"
    },
    {
      "question_id": "gpt4_8279ba03",
      "question_type": "temporal-reasoning",
      "question": "What kitchen appliance did I buy 10 days ago?"
    },
    {
      "question_id": "18dcd5a5",
      "question_type": "single-session-assistant",
      "question": "I'm going back to our previous chat about the Lost Temple of the Djinn one-shot. Can you remind me how many mummies the party will face in the temple?"
    }
  ],
  "total_time_s": 15.7
}