{
  "mode": "enhanced_v4",
  "top_k": 10,
  "total_questions": 500,
  "overall": {
    "R@5": 99.6,
    "R@10": 99.8,
    "NDCG@5": 0.9428524578582805,
    "NDCG@10": 0.9520953675608673
  },
  "per_category": {
    "knowledge-update": {
      "count": 78,
      "R@5": 100.0,
      "R@10": 100.0,
      "NDCG@5": 0.981190615152739,
      "NDCG@10": 0.9835569702396566
    },
    "multi-session": {
      "count": 133,
      "R@5": 100.0,
      "R@10": 100.0,
      "NDCG@5": 0.9374711656135184,
      "NDCG@10": 0.9539365018548492
    },
    "single-session-assistant": {
      "count": 56,
      "R@5": 100.0,
      "R@10": 100.0,
      "NDCG@5": 0.9700618896212101,
      "NDCG@10": 0.9700618896212101
    },
    "single-session-preference": {
      "count": 30,
      "R@5": 100.0,
      "R@10": 100.0,
      "NDCG@5": 0.8672000628001357,
      "NDCG@10": 0.8672000628001357
    },
    "single-session-user": {
      "count": 70,
      "R@5": 100.0,
      "R@10": 100.0,
      "NDCG@5": 0.9732989964795922,
      "NDCG@10": 0.9732989964795922
    },
    "temporal-reasoning": {
      "count": 133,
      "R@5": 98.49624060150376,
      "R@10": 99.24812030075188,
      "NDCG@5": 0.91533307115989,
      "NDCG@10": 0.9322277285615204
    }
  },
  "timing": {
    "embed_total_s": 10.6,
    "search_total_s": 5.8,
    "avg_embed_per_q_s": 0.02,
    "avg_search_per_q_ms": 11.7
  },
  "misses_at_5": [
    {
      "question_id": "eac54add",
      "question_type": "temporal-reasoning",
      "question": "What was the significant buisiness milestone I mentioned four weeks ago?"
    },
    {
      "question_id": "gpt4_8279ba03",
      "question_type": "temporal-reasoning",
      "question": "What kitchen appliance did I buy 10 days ago?"
    }
  ],
  "total_time_s": 17.5
}