{
  "mode": "enhanced_v4",
  "top_k": 10,
  "total_questions": 500,
  "overall": {
    "R@5": 99.8,
    "R@10": 99.8,
    "NDCG@5": 0.9427203664167181,
    "NDCG@10": 0.9517160199201831
  },
  "per_category": {
    "knowledge-update": {
      "count": 78,
      "R@5": 100.0,
      "R@10": 100.0,
      "NDCG@5": 0.981190615152739,
      "NDCG@10": 0.9835569702396566
    },
    "multi-session": {
      "count": 133,
      "R@5": 100.0,
      "R@10": 100.0,
      "NDCG@5": 0.9374711656135184,
      "NDCG@10": 0.9539365018548492
    },
    "single-session-assistant": {
      "count": 56,
      "R@5": 100.0,
      "R@10": 100.0,
      "NDCG@5": 0.9700618896212101,
      "NDCG@10": 0.9700618896212101
    },
    "single-session-preference": {
      "count": 30,
      "R@5": 100.0,
      "R@10": 100.0,
      "NDCG@5": 0.8672000628001357,
      "NDCG@10": 0.8672000628001357
    },
    "single-session-user": {
      "count": 70,
      "R@5": 100.0,
      "R@10": 100.0,
      "NDCG@5": 0.9732989964795922,
      "NDCG@10": 0.9732989964795922
    },
    "temporal-reasoning": {
      "count": 133,
      "R@5": 99.24812030075188,
      "R@10": 99.24812030075188,
      "NDCG@5": 0.9148364867931138,
      "NDCG@10": 0.9308016096115795
    }
  },
  "timing": {
    "embed_total_s": 11.3,
    "search_total_s": 7.2,
    "avg_embed_per_q_s": 0.02,
    "avg_search_per_q_ms": 14.5
  },
  "misses_at_5": [
    {
      "question_id": "eac54add",
      "question_type": "temporal-reasoning",
      "question": "What was the significant buisiness milestone I mentioned four weeks ago?"
    }
  ],
  "total_time_s": 19.6
}