{
  "mode": "enhanced_v2_boost",
  "top_k": 10,
  "total_questions": 500,
  "overall": {
    "R@5": 99.6,
    "R@10": 99.8,
    "NDCG@5": 0.9382345241847142,
    "NDCG@10": 0.9485258415448092
  },
  "per_category": {
    "knowledge-update": {
      "count": 78,
      "R@5": 100.0,
      "R@10": 100.0,
      "NDCG@5": 0.981190615152739,
      "NDCG@10": 0.981190615152739
    },
    "multi-session": {
      "count": 133,
      "R@5": 100.0,
      "R@10": 100.0,
      "NDCG@5": 0.9348104289370065,
      "NDCG@10": 0.9524680965143999
    },
    "single-session-assistant": {
      "count": 56,
      "R@5": 100.0,
      "R@10": 100.0,
      "NDCG@5": 0.9692793226419448,
      "NDCG@10": 0.9692793226419448
    },
    "single-session-preference": {
      "count": 30,
      "R@5": 100.0,
      "R@10": 100.0,
      "NDCG@5": 0.8648892814025823,
      "NDCG@10": 0.8648892814025823
    },
    "single-session-user": {
      "count": 70,
      "R@5": 100.0,
      "R@10": 100.0,
      "NDCG@5": 0.9732989964795922,
      "NDCG@10": 0.9732989964795922
    },
    "temporal-reasoning": {
      "count": 133,
      "R@5": 98.49624060150376,
      "R@10": 99.24812030075188,
      "NDCG@5": 0.9014838857009304,
      "NDCG@10": 0.9225153811314135
    }
  },
  "timing": {
    "embed_total_s": 10.1,
    "search_total_s": 5.3,
    "avg_embed_per_q_s": 0.02,
    "avg_search_per_q_ms": 10.6
  },
  "misses_at_5": [
    {
      "question_id": "gpt4_4929293b",
      "question_type": "temporal-reasoning",
      "question": "What was the the life event of one of my relatives that I participated in a week ago?"
    },
    {
      "question_id": "gpt4_8279ba03",
      "question_type": "temporal-reasoning",
      "question": "What kitchen appliance did I buy 10 days ago?"
    }
  ],
  "total_time_s": 16.5
}