{
  "mode": "enhanced_v2_boost",
  "top_k": 10,
  "total_questions": 500,
  "overall": {
    "R@5": 99.6,
    "R@10": 99.8,
    "NDCG@5": 0.9400223970327779,
    "NDCG@10": 0.9503687577000798
  },
  "per_category": {
    "knowledge-update": {
      "count": 78,
      "R@5": 100.0,
      "R@10": 100.0,
      "NDCG@5": 0.981190615152739,
      "NDCG@10": 0.9835569702396566
    },
    "multi-session": {
      "count": 133,
      "R@5": 100.0,
      "R@10": 100.0,
      "NDCG@5": 0.9374711656135184,
      "NDCG@10": 0.9539365018548492
    },
    "single-session-assistant": {
      "count": 56,
      "R@5": 100.0,
      "R@10": 100.0,
      "NDCG@5": 0.9700618896212101,
      "NDCG@10": 0.9700618896212101
    },
    "single-session-preference": {
      "count": 30,
      "R@5": 100.0,
      "R@10": 100.0,
      "NDCG@5": 0.8672000628001357,
      "NDCG@10": 0.8672000628001357
    },
    "single-session-user": {
      "count": 70,
      "R@5": 100.0,
      "R@10": 100.0,
      "NDCG@5": 0.9680265643877559,
      "NDCG@10": 0.9680265643877559
    },
    "temporal-reasoning": {
      "count": 133,
      "R@5": 98.49624060150376,
      "R@10": 99.24812030075188,
      "NDCG@5": 0.9074687090070871,
      "NDCG@10": 0.9285116783061427
    }
  },
  "timing": {
    "embed_total_s": 9.9,
    "search_total_s": 5.2,
    "avg_embed_per_q_s": 0.02,
    "avg_search_per_q_ms": 10.5
  },
  "misses_at_5": [
    {
      "question_id": "gpt4_4929293b",
      "question_type": "temporal-reasoning",
      "question": "What was the the life event of one of my relatives that I participated in a week ago?"
    },
    {
      "question_id": "gpt4_8279ba03",
      "question_type": "temporal-reasoning",
      "question": "What kitchen appliance did I buy 10 days ago?"
    }
  ],
  "total_time_s": 16.1
}